category,metric,value,unit
global,grid_size_cells,500,cells
global,cell_size,10,m
global,lst_mean,28.8797,degC
global,lst_std,5.4337,degC
global,lst_min,19.2723,degC
global,lst_max,41.7514,degC
global,ndvi_mean,0.36031,unitless
global,ndbi_mean,-0.11014,unitless
global,ndwi_mean,-0.246871,unitless
correlation,pearson_r_NDVI_vs_LST,-0.462323,unitless
correlation,p_value_NDVI_vs_LST,0,unitless
correlation,pearson_r_NDBI_vs_LST,0.935296,unitless
correlation,p_value_NDBI_vs_LST,0,unitless
correlation,pearson_r_NDWI_vs_LST,0.00284239,unitless
correlation,p_value_NDWI_vs_LST,0.155262,unitless
regression,coef_Intercept,30.6269,degC per unit
regression,std_err_Intercept,0.00605102,degC per unit
regression,t_stat_Intercept,5061.44,unitless
regression,p_value_Intercept,0,unitless
regression,coef_NDVI,-1.68894,degC per unit
regression,std_err_NDVI,0.0451878,degC per unit
regression,t_stat_NDVI,-37.3761,unitless
regression,p_value_NDVI,6.69984e-305,unitless
regression,coef_NDBI,19.3825,degC per unit
regression,std_err_NDBI,0.030308,degC per unit
regression,t_stat_NDBI,639.517,unitless
regression,p_value_NDBI,0,unitless
regression,coef_NDWI,-4.03499,degC per unit
regression,std_err_NDWI,0.0424641,degC per unit
regression,t_stat_NDWI,-95.0212,unitless
regression,p_value_NDWI,0,unitless
regression,R2,0.890748,unitless
regression,adj_R2,0.890746,unitless
regression,RMSE,1.79602,degC
class_Water,area,2.453,km2
class_Water,percent,9.812,percent
class_Water,lst_mean,23.3878,degC
class_Water,lst_std,1.65334,degC
class_Water,ndvi_mean,-0.172831,unitless
class_Water,ndbi_mean,-0.289265,unitless
class_Water,ndwi_mean,0.461174,unitless
class_Dense_vegetation,area,7.2579,km2
class_Dense_vegetation,percent,29.0316,percent
class_Dense_vegetation,lst_mean,24.4795,degC
class_Dense_vegetation,lst_std,1.9273,degC
class_Dense_vegetation,ndvi_mean,0.735232,unitless
class_Dense_vegetation,ndbi_mean,-0.360879,unitless
class_Dense_vegetation,ndwi_mean,-0.463981,unitless
class_Sparse_vegetation,area,7.2579,km2
class_Sparse_vegetation,percent,29.0316,percent
class_Sparse_vegetation,lst_mean,27.6147,degC
class_Sparse_vegetation,lst_std,1.79774,degC
class_Sparse_vegetation,ndvi_mean,0.414946,unitless
class_Sparse_vegetation,ndbi_mean,-0.161396,unitless
class_Sparse_vegetation,ndwi_mean,-0.305198,unitless
class_Built-up,area,5.8622,km2
class_Built-up,percent,23.4488,percent
class_Built-up,lst_mean,37.1385,degC
class_Built-up,lst_std,2.10089,degC
class_Built-up,ndvi_mean,0.108975,unitless
class_Built-up,ndbi_mean,0.272198,unitless
class_Built-up,ndwi_mean,-0.197577,unitless
class_Bare_soil,area,2.169,km2
class_Bare_soil,percent,8.676,percent
class_Bare_soil,lst_mean,31.7262,degC
class_Bare_soil,lst_std,2.31047,degC
class_Bare_soil,ndvi_mean,0.205159,unitless
class_Bare_soil,ndbi_mean,0.0696184,unitless
class_Bare_soil,ndwi_mean,-0.259183,unitless
zone_water_distance,lst_mean_0-50m,25.2899,degC
zone_water_distance,n_cells_0-50m,22272,cells
zone_water_distance,lst_mean_50-100m,27.0132,degC
zone_water_distance,n_cells_50-100m,18568,cells
zone_water_distance,lst_mean_100-200m,28.1863,degC
zone_water_distance,n_cells_100-200m,31854,cells
zone_water_distance,lst_mean_200-300m,29.2708,degC
zone_water_distance,n_cells_200-300m,28117,cells
zone_water_distance,lst_mean_300-500m,30.6448,degC
zone_water_distance,n_cells_300-500m,45797,cells
zone_water_distance,lst_mean_500-1000m,31.7362,degC
zone_water_distance,n_cells_500-1000m,56612,cells
zone_water_distance,warming_first_to_last_zone,6.44627,degC
zone_water_distance,pearson_r_distance_vs_LST,0.325437,unitless
zone_dense_veg_distance,lst_mean_0-50m,28.8554,degC
zone_dense_veg_distance,n_cells_0-50m,36668,cells
zone_dense_veg_distance,lst_mean_50-100m,30.8955,degC
zone_dense_veg_distance,n_cells_50-100m,21303,cells
zone_dense_veg_distance,lst_mean_100-200m,32.088,degC
zone_dense_veg_distance,n_cells_100-200m,30677,cells
zone_dense_veg_distance,lst_mean_200-300m,33.2428,degC
zone_dense_veg_distance,n_cells_200-300m,22727,cells
zone_dense_veg_distance,lst_mean_300-500m,33.848,degC
zone_dense_veg_distance,n_cells_300-500m,25219,cells
zone_dense_veg_distance,lst_mean_500-1000m,34.3504,degC
zone_dense_veg_distance,n_cells_500-1000m,16297,cells
zone_dense_veg_distance,warming_first_to_last_zone,5.49508,degC
zone_dense_veg_distance,pearson_r_distance_vs_LST,0.361555,unitless
